<?xml version="1.0" encoding="UTF-8" standalone="yes"?>
<addon id="script.module.streamlink.base" name="Streamlink Library" version="2018.12.05" provider-name="Streamlink Devs, Twilight0">
  <requires>
    <import addon="xbmc.python" version="2.14.0"/>
    <import addon="script.module.requests" version="2.12.4"/>
    <import addon="script.module.futures" version="2.2.0"/>
    <import addon="script.module.streamlink.crypto" version="1.4.0"/>
  </requires>
  <extension point="xbmc.python.module" library="resources/lib/"/>
  <extension point="xbmc.addon.metadata">
    <summary>Streamlink Library</summary>
    <description>Streamlink Library for Kodi</description>
    <platform>all</platform>
    <license>Simplified BSD</license>
    <source>https://github.com/Twilight0/script.module.streamlink.base/</source>
    <language>en</language>
    <assets>
        <icon>icon.png</icon>
    </assets>
    <news>+ 2018.12.05
- Corrected icon asset location, ensuring backwards compatibility

+ 2018.12.04
- Rebase to latest upstream commit b99249e941852341b06b267ffc1ca1d144c6b718
- New icon</news>
  </extension>
</addon>
