<?xml version="1.0" encoding="UTF-8" standalone="yes"?>
<addon id="script.module.chardet"
       name="chardet"
       version="3.0.4"
       provider-name="Dan Blanchard">
  <requires>
    <import addon="xbmc.python" version="2.19.0"/>
  </requires>
  <extension point="xbmc.python.module"
             library="lib" />
  <extension point="xbmc.addon.metadata">
    <summary lang="en_GB">Universal encoding detector</summary>
    <description lang="en_GB">Packed for Kodi from https://github.com/chardet/chardet</description>
    <license>LGPL</license>
    <platform>all</platform>
    <language></language>
    <forum></forum>
    <website>https://chardet.readthedocs.io/en/latest/</website>
    <source>https://github.com/beenje/script.module.chardet</source>
    <email>beenje AT gmail.com</email>
  </extension>
</addon>
