<?xml version="1.0" encoding="UTF-8" standalone="yes"?>
<addon id="script.module.muckys.common" name="Muckys Common Libraries" version="1.3.5" provider-name="Mucky Duck">
	<requires>
		<import addon="xbmc.python" version="2.1.0" />
	</requires>
	<extension point="xbmc.python.module" library="lib" />
	<extension point="xbmc.addon.metadata">
		<platform>all</platform>
		<summary lang="en">Collection of modules used by Mucky Ducks Addons</summary>
		<description lang="en">Collection of modules used by Mucky Ducks Addons
		</description>
		<license>GNU GENERAL PUBLIC LICENSE. Version 2, June 1991</license>
	</extension>
</addon>
